{
    "language": "html",
    "slug": "html-tutorial-exercises-course",
    "skills": [
        "html-forms"
    ],
    "title": "Learn the basics of HTML Interactively",
    "preview": "https://github.com/4GeeksAcademy/html-tutorial-exercises-course/blob/master/preview.png?raw=true",
    "repository": "https://github.com/4GeeksAcademy/html-tutorial-exercises-course",
    "description": "Learn the most popular HTML Tags and how to used them with real life interactive examples, automatic grading and video solutions",
    "intro": "https://www.youtube.com/watch?v=Vd2dby9ind4",
    "duration": 8,
    "difficulty": "easy",
    "videoSolutions": true,
    "bugsLink": "https://github.com/learnpack/learnpack/issues/new",
    "disabledActions": [],
    "autoPlay": true,
    "editor": {
        "version": "1.0.73"
    }
}
